Country and area,1990,1991,1992,1993,1994,1995,1996,1997,1998,1999,2000,2001,2002,2003,2004,2005,2006,2007,2008,2009,2010,2011,2012,2013,2014,2015,2016,2017,2018
Afghanistan,0.23,0.23,0.13,0.11,0.09,0.06,0.08,0.10,0.11,0.15,0.20,0.26,0.13,0.12,0.25,0.28,0.34,0.44,0.47,0.48,0.62,1.20,0.96,0.81,0.74,0.71,0.78,0.96,1.10
Albania,4.36,3.79,2.01,1.63,1.50,1.39,1.21,1.22,1.04,1.14,1.13,1.12,0.94,0.79,0.96,1.59,1.50,1.70,2.06,1.60,2.70,3.97,5.21,5.65,5.73,3.71,2.79,2.74,3.05
Algeria,24.67,30.24,25.15,22.80,24.33,27.72,31.59,33.23,25.24,30.02,41.95,36.34,35.39,38.42,40.51,47.09,47.77,45.52,46.85,32.93,36.19,37.22,35.82,31.49,28.54,20.09,18.59,21.35,23.89
Angola,32.91,28.54,39.87,42.05,59.61,59.82,62.43,53.50,43.80,67.25,67.36,58.64,46.70,42.88,43.39,49.98,46.01,47.20,49.62,27.50,37.62,42.63,40.13,34.94,27.97,22.62,21.55,21.58,21.92
Anguilla,0.33,0.56,0.61,0.48,0.42,0.48,0.60,0.60,0.61,0.61,0.62,0.54,0.57,0.85,1.01,1.18,1.47,1.51,1.35,1.03,0.47,0.44,0.39,0.36,0.49,0.47,0.38,0.38,0.42
Antigua and Barbuda,0.87,0.85,0.78,0.69,0.65,0.73,0.74,0.73,0.75,0.75,0.70,0.85,0.89,1.39,0.77,0.80,1.29,1.34,1.28,1.05,0.92,0.75,0.76,1.07,1.07,0.89,0.92,1.03,1.08
Argentina,2.91,2.10,1.83,1.66,1.65,2.03,2.36,2.11,1.58,1.78,2.70,2.65,6.42,6.01,5.89,5.82,6.75,5.18,4.45,4.84,4.62,4.02,3.88,3.49,4.43,3.79,3.81,3.50,4.55
Armenia,...,...,...,...,...,...,...,...,...,...,0.80,0.89,1.22,1.46,3.41,3.36,2.71,2.39,1.67,1.75,2.74,2.83,2.97,2.48,2.34,2.34,2.81,3.64,3.16
Australia,5.18,5.08,5.03,4.68,4.68,4.99,4.71,4.74,4.46,4.62,5.50,5.30,5.01,4.37,5.47,7.17,7.67,7.68,9.77,7.90,9.93,9.52,8.19,8.95,7.11,6.28,8.17,8.80,7.75
Austria,0.36,0.36,0.36,0.38,0.37,0.34,0.38,0.38,0.36,0.36,0.37,0.40,0.40,0.40,0.42,0.44,0.44,0.39,0.51,0.42,0.45,0.54,0.53,0.51,0.47,0.37,0.30,0.33,0.35
Azerbaijan,3.10,4.73,6.08,4.39,4.17,10.80,13.66,15.78,11.09,19.18,29.26,31.84,31.23,29.57,30.96,45.36,53.22,56.81,55.65,45.23,49.21,50.95,45.90,41.97,37.04,29.02,33.43,36.79,41.54
Bahamas,0.74,1.06,0.96,0.89,1.20,1.67,1.09,1.10,1.09,0.71,0.76,0.67,0.82,0.85,0.84,0.78,0.85,0.65,0.70,0.69,0.75,0.52,0.59,0.80,1.04,0.94,0.34,0.28,0.70
Bahrain,17.99,15.81,14.62,14.02,12.66,13.45,15.90,16.57,12.30,16.19,25.12,22.31,22.03,22.13,20.00,21.62,22.87,21.61,25.29,20.05,21.95,27.25,25.71,26.18,24.13,14.29,12.13,13.51,15.92
Bangladesh,0.74,0.83,0.91,1.05,1.05,1.05,1.05,1.04,1.01,0.98,1.01,1.08,1.14,1.14,1.14,1.14,1.53,1.50,1.52,1.62,1.66,1.63,1.67,1.71,1.65,1.63,1.73,1.83,1.83
Barbados,0.19,0.21,0.18,0.20,0.20,0.19,0.22,0.20,0.20,0.22,0.26,0.23,0.21,0.16,0.18,0.22,0.20,0.19,0.18,0.22,0.26,0.30,0.27,0.28,0.26,0.21,0.19,0.27,0.22
Belarus,...,...,...,...,...,...,...,...,...,...,0.86,0.92,0.99,1.08,1.14,1.36,0.92,0.90,0.89,1.15,0.32,1.19,1.12,1.03,0.77,0.67,0.73,0.79,0.94
Belgium,0.16,0.16,0.16,0.16,0.16,0.17,0.16,0.17,0.16,0.15,0.15,0.13,0.13,0.13,0.12,0.12,0.13,0.11,0.11,0.08,0.08,0.08,0.07,0.06,0.08,0.06,0.06,0.06,0.06
Belize,0.50,0.68,0.63,0.63,0.55,0.56,0.58,0.56,0.55,0.55,0.60,0.61,0.54,0.52,0.52,0.47,0.45,0.49,0.55,0.51,0.52,0.52,0.55,0.53,0.47,0.45,0.48,0.36,0.32
Benin,0.94,0.81,0.59,0.61,1.53,1.14,1.12,0.99,0.64,0.50,0.47,0.49,0.43,0.44,0.44,0.45,0.47,0.50,0.54,0.78,0.78,0.61,0.64,0.55,0.49,0.53,0.63,0.63,0.59
Bhutan,0.98,1.77,1.71,1.97,1.95,2.38,2.68,2.55,2.25,2.22,1.63,1.64,1.81,2.07,1.43,1.58,2.23,1.85,2.36,2.34,2.32,2.40,2.14,2.80,2.99,3.55,4.54,4.44,4.17
Bolivia (Plurinational State of),10.97,8.42,7.90,5.62,5.34,6.65,6.59,6.96,6.12,5.86,7.22,6.93,7.06,8.37,10.57,11.60,14.21,15.20,17.65,15.45,16.68,19.09,18.37,17.93,16.79,12.29,10.37,12.43,12.59
Bosnia and Herzegovina,2.15,2.15,2.16,2.15,2.14,2.19,2.11,2.11,2.35,1.89,1.97,1.87,1.78,1.85,1.96,2.15,2.17,2.32,2.36,2.33,2.26,2.58,2.66,2.54,2.37,2.33,2.24,2.28,2.18
Botswana,40.24,37.64,34.36,32.95,32.00,32.09,34.35,34.77,31.69,34.27,37.04,35.22,31.33,28.57,28.86,35.27,35.42,32.44,27.99,17.38,21.46,25.88,19.49,21.42,24.43,19.68,22.46,19.09,18.01
Brazil,1.58,1.65,1.29,0.89,0.90,1.03,1.13,1.03,0.90,1.22,2.03,1.87,2.04,2.19,2.46,3.15,3.51,2.96,3.82,2.20,3.33,4.37,4.55,4.16,3.72,2.15,1.03,1.94,1.85
British Virgin Islands,...,...,...,...,...,...,...,...,...,...,...,...,...,...,...,...,...,...,...,...,0.08,0.08,0.07,0.03,0.07,0.06,0.11,0.08,0.09
Brunei Darussalam,47.17,43.49,41.94,38.34,34.67,30.80,33.71,31.70,28.17,36.02,43.76,39.30,39.72,43.73,49.95,54.99,58.42,56.91,56.13,46.59,50.28,53.88,52.34,49.49,48.34,42.71,41.73,42.87,44.98
Bulgaria,3.45,2.49,2.61,2.18,2.00,1.72,1.56,2.30,2.17,2.15,1.80,1.67,1.39,1.49,1.74,1.95,2.37,2.23,2.05,1.93,2.24,2.34,2.44,2.50,2.61,2.44,2.24,2.21,1.87
Burkina Faso,3.71,3.37,3.15,2.74,3.42,2.92,2.89,3.03,1.90,1.87,1.93,1.91,2.17,2.93,3.08,2.81,1.73,3.05,2.40,4.51,8.71,11.83,12.65,10.00,10.01,9.40,10.17,10.75,10.71
Burundi,0.41,0.43,0.45,0.38,0.34,0.30,0.30,0.39,0.52,0.55,0.56,0.56,0.57,1.04,0.80,0.90,0.84,0.72,0.66,0.60,0.51,0.40,0.42,0.44,0.37,0.44,0.41,0.52,0.46
Cabo Verde,0.16,0.21,0.21,0.21,0.20,0.22,0.23,0.18,0.20,0.31,0.21,0.22,0.40,0.38,0.51,0.58,0.77,0.76,0.87,0.65,0.59,0.48,0.42,0.44,0.52,0.41,0.41,0.35,0.35
Cambodia,1.88,1.26,1.24,0.17,0.17,0.15,0.22,0.21,0.17,0.21,0.25,0.27,0.30,0.33,0.36,0.40,0.41,0.41,0.42,0.48,0.63,0.67,0.82,0.94,1.22,1.42,1.62,1.77,1.93
Cameroon,4.90,4.92,4.86,4.93,4.96,4.67,4.81,6.41,3.77,6.04,9.88,6.82,6.59,5.72,5.99,7.74,9.41,8.51,10.62,6.77,7.65,7.58,7.90,7.27,7.23,4.77,3.62,3.97,5.19
Canada,4.35,3.63,3.60,3.66,3.87,3.85,4.42,3.92,3.07,3.58,5.70,5.39,4.66,6.04,6.89,8.47,8.53,8.36,10.08,6.18,7.43,8.42,7.28,7.60,8.34,4.76,4.03,5.72,4.84
Cayman Islands,0.38,0.38,0.38,0.38,0.38,0.38,0.38,0.38,0.38,0.37,0.38,0.38,0.37,0.38,0.38,0.35,0.41,0.38,0.27,0.29,0.27,0.25,0.24,0.24,0.22,0.23,0.26,0.25,0.24
Central African Republic,5.41,5.72,6.02,7.46,7.28,5.61,6.06,6.44,5.51,5.26,5.67,5.44,4.69,3.81,4.36,4.19,3.79,3.48,1.73,1.93,2.05,2.19,2.24,2.37,2.46,2.70,2.35,2.46,2.50
Chad,...,...,...,...,...,...,...,...,...,...,...,...,...,5.54,21.33,25.45,26.64,27.38,28.20,17.07,24.12,27.16,25.66,18.35,18.89,18.69,13.26,6.79,9.48
Chile,12.81,10.55,7.88,5.98,7.55,9.10,7.17,6.65,4.90,6.18,7.45,7.00,7.34,8.86,13.65,15.93,22.45,22.28,15.27,14.14,17.28,16.16,13.67,12.00,11.93,9.39,8.81,10.58,10.75
"China, People's Republic of",36.59,36.98,38.02,39.94,40.19,40.80,41.12,41.43,40.07,39.77,40.15,39.56,39.25,40.29,8.67,9.53,9.58,8.97,9.14,8.03,8.44,7.93,7.26,6.83,5.96,4.97,4.54,5.01,4.83
"China: Taiwan, Province of China",0.31,0.30,0.41,0.48,0.34,0.31,0.27,0.29,0.31,0.29,0.24,0.22,0.22,0.18,0.18,0.16,0.15,0.18,0.19,0.15,0.14,0.12,0.11,0.10,0.09,0.08,0.06,0.06,0.06
Colombia,7.33,6.34,5.28,4.49,3.63,4.05,4.28,3.64,3.32,5.56,6.69,5.54,5.48,6.32,6.56,7.19,7.57,6.84,8.95,8.11,9.52,12.56,12.31,11.23,9.25,6.52,5.20,5.68,6.25
Comoros,1.27,1.17,1.24,1.27,1.22,1.18,1.18,1.18,1.18,1.18,1.25,1.24,1.21,1.22,1.20,1.19,1.18,1.50,1.77,1.40,1.21,1.30,1.18,1.15,1.16,1.13,1.15,1.19,1.16
Congo,18.24,14.80,15.10,14.93,22.06,20.94,28.13,33.30,23.47,37.23,50.46,41.33,38.04,34.71,40.94,48.72,53.70,47.54,52.32,35.81,53.65,54.30,50.72,43.24,44.47,28.13,24.87,26.44,24.90
Costa Rica,0.39,0.37,0.43,0.38,0.40,0.39,0.36,0.41,0.43,0.48,0.51,0.54,0.51,0.48,0.49,0.46,0.47,0.55,0.61,0.47,0.38,0.33,0.32,0.33,0.31,0.33,0.34,0.30,0.30
Côte d'Ivoire,0.28,0.19,0.22,0.23,0.22,0.29,0.40,0.57,0.63,0.30,0.29,1.06,1.77,3.54,3.63,3.80,5.77,4.54,7.30,6.58,6.96,9.49,7.32,6.49,4.99,5.37,6.95,6.61,6.50
Croatia,0.46,0.47,0.42,0.43,0.51,0.30,0.21,0.58,0.52,0.54,0.68,0.52,0.70,0.56,0.80,0.87,1.21,0.88,0.88,1.02,0.97,0.91,0.94,1.05,0.82,0.55,0.39,0.39,0.40
Cuba,0.51,0.57,0.78,0.64,0.55,0.76,1.36,1.41,1.29,1.26,1.40,1.39,1.56,1.63,1.50,0.71,0.63,0.59,0.61,0.58,0.67,0.65,0.63,0.60,0.58,0.53,0.52,0.52,0.50
Cyprus,0.25,0.27,0.26,0.30,0.32,0.27,0.27,0.24,0.28,0.28,0.29,0.25,0.28,0.31,0.34,0.34,0.33,0.34,0.39,0.29,0.28,0.21,0.11,0.12,0.06,0.16,0.11,0.07,0.08
Czechia,3.83,3.34,3.27,2.76,2.24,2.28,2.08,1.88,1.61,1.36,1.25,1.26,1.20,1.07,1.22,1.25,1.31,1.29,1.40,1.23,1.26,1.32,1.18,0.87,1.01,0.91,0.70,0.73,0.68
Democratic People's Republic of Korea,9.03,9.01,9.18,8.18,7.81,8.04,7.10,6.66,6.57,7.30,7.73,7.99,7.77,8.32,8.71,9.93,10.16,11.36,12.07,12.72,14.39,14.59,13.96,13.60,13.12,12.24,12.60,11.74,10.60
Democratic Republic of the Congo,10.52,6.05,6.85,5.71,6.82,7.21,14.05,9.12,8.75,8.08,7.87,5.91,6.69,6.67,9.22,10.86,9.10,8.20,13.75,9.45,18.16,21.23,20.50,21.69,23.65,21.94,19.06,18.16,20.56
Denmark,1.04,0.98,0.98,0.94,0.89,0.88,1.24,1.38,1.04,1.52,3.00,2.52,2.44,2.37,2.91,3.90,4.14,3.97,4.22,2.79,3.10,3.54,3.46,2.84,2.30,1.33,1.11,1.14,1.13
Djibouti,...,...,...,...,...,...,...,...,...,...,...,...,...,...,...,0.17,0.17,0.16,0.15,0.19,0.23,0.22,0.23,0.25,0.32,0.35,0.34,0.34,0.33
Dominica,1.49,1.69,1.36,1.36,1.44,1.59,1.54,1.58,1.35,1.37,1.43,1.02,0.84,1.06,1.27,1.10,1.26,1.47,1.63,1.36,1.49,1.64,1.62,1.35,1.26,1.34,1.23,1.29,1.55
Dominican Republic,2.11,2.04,1.50,1.06,1.37,1.51,1.11,1.37,1.04,0.71,0.88,0.54,0.40,0.88,1.14,0.96,1.44,2.12,0.86,0.52,0.48,0.90,0.96,2.06,2.18,1.73,2.17,2.03,1.92
Ecuador,4.30,3.06,2.79,2.82,1.99,2.25,2.57,1.82,1.14,2.78,5.60,2.93,3.17,4.26,6.91,9.65,11.95,12.31,14.99,8.68,11.39,13.67,13.57,13.09,11.63,5.10,4.08,5.17,5.97
Egypt,4.82,10.63,10.63,9.51,8.22,7.92,6.83,7.13,6.88,5.28,8.74,9.88,10.67,11.34,13.16,13.89,15.46,14.59,15.63,14.89,14.41,14.90,16.24,16.06,15.90,12.70,8.03,9.59,11.06
El Salvador,0.39,0.41,0.41,0.43,0.44,0.45,0.46,0.46,0.39,0.42,0.39,0.39,0.42,0.43,0.33,0.32,0.36,0.38,0.33,0.28,0.26,0.29,0.27,0.28,0.28,0.26,0.29,0.29,0.31
Equatorial Guinea,11.59,12.02,17.73,20.56,27.55,27.92,38.23,64.45,59.71,59.66,57.78,61.75,59.52,58.66,64.93,70.28,69.50,60.81,57.44,40.14,44.78,44.06,46.99,42.16,39.54,31.18,25.74,24.61,26.99
Eritrea,0.10,0.11,0.07,0.12,0.12,0.14,0.20,0.27,0.20,0.18,0.10,0.04,0.04,0.06,0.05,0.06,0.06,0.06,0.08,0.07,0.07,0.07,0.07,0.07,0.07,0.07,0.07,0.07,0.07
Estonia,2.90,1.82,2.95,2.08,2.00,1.83,1.82,1.60,1.33,1.32,1.18,1.15,1.12,1.12,1.06,0.95,0.96,1.06,0.98,1.23,1.38,1.38,1.29,1.53,1.54,1.37,1.07,1.21,1.10
Ethiopia,0.33,0.28,0.20,0.24,0.28,0.31,0.31,0.41,0.44,0.39,0.39,0.51,0.56,0.58,0.52,0.50,0.48,0.34,0.35,0.35,0.61,1.42,1.34,1.20,0.88,0.50,0.42,0.28,0.19
Fiji,0.80,0.79,0.89,0.87,0.83,0.74,0.90,0.81,0.54,0.54,0.47,0.44,0.46,0.49,0.59,0.42,0.23,-0.21,0.46,1.01,1.37,1.57,1.46,0.91,0.90,0.91,1.02,0.86,0.66
Finland,0.39,0.40,0.38,0.36,0.40,0.36,0.32,0.31,0.29,0.28,0.24,0.26,0.27,0.28,0.28,0.27,0.35,0.34,0.39,0.39,0.50,0.48,0.47,0.34,0.30,0.35,0.36,0.48,0.48
France,0.24,0.23,0.22,0.19,0.18,0.17,0.17,0.16,0.15,0.14,0.15,0.14,0.14,0.13,0.12,0.13,0.13,0.14,0.13,0.13,0.13,0.12,0.12,0.11,0.11,0.10,0.09,0.09,0.09
Gabon,32.03,33.50,31.78,30.86,44.89,45.21,50.51,47.78,33.87,42.45,53.51,46.50,42.95,43.26,47.27,54.43,53.17,51.99,56.41,44.17,49.75,53.90,50.80,47.25,43.36,37.72,32.85,34.63,35.06
Gambia,0.01,0.01,0.01,0.01,0.02,0.01,0.03,0.02,0.02,0.02,0.02,0.04,0.10,0.12,0.13,0.21,0.22,0.18,0.22,0.23,0.24,0.28,0.29,0.30,0.55,0.46,0.41,0.50,0.45
Georgia,...,...,...,...,...,...,0.42,0.31,0.22,0.27,0.55,0.46,0.55,0.72,0.68,0.70,0.92,0.77,0.63,0.64,0.80,0.86,0.78,0.72,0.78,1.18,1.22,1.19,1.18
Germany,0.92,0.89,0.84,0.84,0.75,0.56,0.33,0.30,0.28,0.26,0.27,0.21,0.22,0.19,0.19,0.19,0.23,0.22,0.28,0.23,0.22,0.22,0.24,0.20,0.19,0.17,0.14,0.15,0.15
Ghana,1.69,1.88,1.93,4.30,4.43,3.64,3.72,3.89,3.94,3.87,3.78,3.57,3.57,3.52,3.44,3.44,3.84,3.89,3.45,3.01,3.39,11.88,13.78,13.64,15.40,10.38,8.48,10.88,13.62
Greece,0.60,0.55,0.50,0.46,0.45,0.46,0.46,0.46,0.42,0.38,0.46,0.45,0.45,0.46,0.45,0.47,0.42,0.44,0.38,0.37,0.43,0.47,0.41,0.51,0.48,0.45,0.42,0.51,0.47
Greenland,0.06,0.06,0.06,0.06,0.06,0.06,0.06,0.06,0.06,0.08,0.05,0.05,0.13,-0.04,0.06,0.37,0.12,0.28,0.95,1.30,0.78,0.41,1.23,0.61,0.76,0.51,0.38,0.41,0.14
Grenada,0.41,0.43,0.42,0.43,0.42,0.42,0.43,0.53,0.78,0.70,0.71,0.56,0.46,0.59,0.49,0.46,0.65,0.60,0.56,0.48,0.36,0.27,0.22,0.26,0.26,0.34,0.24,0.24,0.24
Guatemala,0.53,0.53,0.60,0.60,0.60,0.62,0.64,0.71,0.71,0.76,0.77,0.75,0.97,1.12,1.08,1.22,1.50,1.66,1.89,1.68,2.06,2.93,2.25,1.90,2.28,1.81,1.49,1.20,0.73
Guinea,20.86,20.37,15.92,18.14,14.94,14.96,16.39,16.10,14.99,15.62,16.93,16.70,18.38,12.89,12.99,15.15,14.00,10.32,11.67,11.02,14.86,16.61,15.78,13.70,13.51,8.85,14.79,17.45,14.62
Guinea-Bissau,0.11,0.10,0.11,0.09,0.06,0.06,0.05,0.07,0.01,0.01,0.01,0.03,0.07,0.08,0.05,0.03,0.03,0.05,0.03,0.03,0.04,0.02,0.02,0.03,0.03,0.02,0.02,0.04,0.03
Guyana,10.00,16.15,11.88,21.58,22.52,17.97,19.83,18.34,16.80,16.57,16.99,16.64,15.97,13.85,12.93,10.51,10.39,12.58,13.73,13.68,15.38,18.39,18.18,17.33,14.70,14.48,22.55,20.19,21.01
Haiti,0.17,0.15,0.10,0.11,0.15,0.15,0.18,0.24,0.22,0.23,0.22,0.20,0.18,0.17,0.14,0.14,0.16,0.15,0.19,0.21,0.26,0.21,0.17,0.17,0.18,0.19,0.18,0.18,0.18
Honduras,0.43,0.37,0.48,0.47,0.46,0.49,0.47,0.44,0.46,0.51,0.48,0.62,0.59,0.67,0.72,0.68,1.22,1.23,0.79,0.87,1.00,1.01,0.99,1.01,0.86,0.56,0.56,0.72,0.73
Hungary,3.24,3.38,1.16,0.60,0.48,0.45,0.42,0.45,0.30,0.27,0.25,0.23,0.24,0.23,0.22,0.24,0.24,0.19,0.24,0.26,0.22,0.24,0.25,0.22,0.20,0.16,0.15,0.19,0.28
Iceland,0.26,0.27,0.25,0.25,0.20,0.21,0.19,0.20,0.16,0.16,0.12,0.14,0.12,0.13,0.13,0.10,0.10,0.11,0.13,0.05,0.06,0.06,0.07,0.09,0.10,0.09,0.09,0.15,0.11
India,3.12,2.92,2.93,2.89,2.78,2.65,2.52,2.72,2.52,2.65,2.70,2.56,3.13,2.86,3.23,3.32,3.30,3.32,3.17,3.23,3.55,3.22,3.11,2.85,2.68,2.34,2.31,2.27,2.38
Indonesia,10.08,10.55,8.92,7.87,7.18,7.26,7.11,7.24,10.41,8.29,11.56,10.59,8.41,7.92,8.52,10.61,10.48,10.67,10.53,10.20,10.74,12.05,11.87,11.29,10.09,7.90,7.45,7.88,8.42
Iran (Islamic Republic of),10.40,8.41,8.85,20.17,19.32,16.13,15.68,13.23,8.45,13.72,16.54,13.99,20.99,20.84,21.34,25.08,23.85,24.04,22.60,18.58,21.39,22.14,14.51,17.59,14.27,9.89,12.71,13.93,12.18
Iraq,13.65,0.64,63.90,64.28,63.03,64.38,65.40,73.54,68.31,77.89,83.10,74.27,70.42,68.15,57.68,57.54,55.20,52.94,55.24,43.24,45.11,53.06,49.75,46.02,43.91,33.43,34.11,38.95,46.47
Ireland,0.35,0.65,0.58,0.62,0.62,0.64,0.58,0.74,0.54,0.47,0.50,0.56,0.46,0.48,0.33,0.39,0.58,0.69,0.55,0.60,0.45,0.46,0.56,0.45,0.50,0.17,0.22,0.26,0.22
Italy,0.62,0.57,0.56,0.59,0.58,0.59,0.58,0.62,0.53,0.54,0.54,0.47,0.49,0.41,0.40,0.40,0.40,0.37,0.40,0.30,0.31,0.36,0.46,0.45,0.38,0.29,0.24,0.27,0.27
Jamaica,7.13,8.39,6.92,5.37,5.88,5.53,4.37,4.37,3.86,3.89,4.00,4.09,3.80,3.83,4.13,3.92,3.82,4.03,1.79,0.91,1.23,1.39,1.26,1.23,1.32,2.11,2.24,2.68,3.43
Japan,0.24,0.22,0.21,0.19,0.17,0.16,0.16,0.15,0.14,0.12,0.12,0.12,0.10,0.10,0.08,0.08,0.08,0.07,0.07,0.06,0.06,0.06,0.06,0.06,0.06,0.06,0.05,0.06,0.06
Jordan,6.19,4.75,3.42,2.66,2.28,3.23,3.08,3.15,2.94,2.75,2.71,2.63,2.56,2.44,2.55,2.75,2.22,2.44,4.79,2.95,3.04,3.58,3.00,2.15,2.40,2.62,2.11,2.06,2.21
Kazakhstan,5.20,6.51,7.32,7.95,8.79,8.95,8.59,9.18,8.35,10.94,13.83,12.13,12.86,12.76,14.21,16.45,16.71,15.42,19.16,18.11,20.12,19.44,18.54,16.65,16.32,13.33,13.64,14.50,15.95
Kenya,0.79,0.85,0.83,0.79,0.66,0.53,0.48,0.35,0.32,0.39,0.53,0.59,0.61,0.64,0.60,0.59,0.60,0.71,0.74,0.69,0.90,0.95,1.18,0.93,0.90,0.93,0.89,0.80,0.81
Kingdom of Eswatini,1.09,0.54,0.91,0.84,0.79,0.57,0.50,0.46,0.43,0.51,0.25,0.06,0.35,0.25,0.28,0.17,0.19,0.15,0.12,0.10,0.13,0.24,1.50,1.76,0.83,0.04,0.07,0.18,0.05
Kiribati,...,0.07,0.03,0.03,0.03,0.03,0.03,0.03,0.09,0.10,0.16,0.15,0.12,0.09,0.08,0.07,0.10,0.10,0.09,0.09,0.10,0.12,0.15,0.28,0.26,0.47,0.49,0.41,0.46
Kosovo,3.26,3.30,3.31,3.18,3.42,3.33,2.77,4.22,4.30,3.84,2.61,2.57,2.69,2.58,2.43,3.00,2.99,2.39,3.62,2.67,3.70,3.15,2.74,2.67,2.52,2.50,2.60,2.85,2.68
Kuwait,39.13,10.38,30.50,40.56,37.95,39.10,43.26,38.55,28.70,34.93,46.32,41.31,36.70,39.44,43.39,50.12,53.94,50.18,57.19,47.03,49.21,56.68,58.39,56.94,53.75,37.57,34.25,37.67,43.38
Kyrgyzstan,0.85,0.86,1.00,0.77,0.64,0.38,0.36,0.53,0.52,0.73,0.58,0.55,0.52,0.53,0.71,0.61,0.48,0.51,0.59,0.58,0.67,0.83,0.98,0.80,0.73,0.85,0.72,1.07,1.10
Lao People's Democratic Republic,0.06,0.05,0.07,0.09,0.11,0.11,0.16,0.28,0.16,0.20,0.18,0.18,0.19,1.95,1.50,4.35,10.22,8.10,7.50,5.08,6.73,7.62,12.61,10.38,9.45,7.60,7.34,7.40,6.76
Latvia,0.15,0.19,0.13,0.16,0.18,0.12,0.13,0.14,0.14,0.13,0.12,0.16,0.20,0.24,0.23,0.28,0.30,0.33,0.33,0.46,0.50,0.45,0.49,0.52,0.45,0.50,0.48,0.51,0.49
Lebanon,0.49,0.44,0.53,0.49,0.48,0.50,0.51,0.48,0.43,0.41,0.42,0.41,0.40,0.44,0.44,0.46,0.51,0.55,0.53,0.53,0.49,0.55,0.52,0.57,0.50,0.43,0.42,0.39,0.42
Lesotho,0.22,0.23,0.22,0.22,0.21,0.20,0.09,0.09,0.07,0.08,0.12,0.13,0.15,0.48,0.70,2.84,3.50,6.06,9.44,4.80,5.57,8.97,6.10,6.47,9.26,7.12,7.71,9.58,9.19
Liberia,1.13,1.13,0.97,0.92,0.82,0.51,1.52,0.89,0.61,0.00,0.14,0.06,0.04,0.06,0.05,0.05,0.61,1.07,2.37,2.96,2.93,3.02,2.98,2.96,2.96,2.45,1.54,1.96,2.34
Libya,23.90,24.12,24.47,23.34,23.09,24.52,25.22,26.23,17.72,22.66,32.51,32.18,46.94,53.59,60.21,65.67,68.48,65.77,69.41,54.42,59.15,44.60,60.58,60.58,60.58,60.58,60.58,60.58,60.58
Liechtenstein,0.19,0.19,0.16,0.16,0.15,0.18,0.16,0.18,0.19,0.18,0.17,0.17,0.16,0.15,0.16,0.16,0.14,0.14,0.13,0.14,0.15,0.14,0.14,0.14,0.13,0.13,0.12,0.14,0.13
Lithuania,0.37,0.84,0.68,0.66,0.52,0.36,0.51,0.43,0.40,0.46,0.70,0.72,0.60,0.56,0.54,0.52,0.50,0.45,0.44,0.32,0.37,0.43,0.40,0.40,0.39,0.29,0.29,0.30,0.30
Luxembourg,0.20,0.19,0.21,0.20,0.17,0.15,0.12,0.13,0.14,0.13,0.14,0.11,0.13,0.13,0.12,0.11,0.11,0.11,0.09,0.09,0.08,0.09,0.08,0.07,0.06,0.06,0.06,0.07,0.07
Madagascar,1.76,1.70,1.75,1.70,1.49,2.04,1.47,1.00,0.82,0.52,1.25,1.12,0.73,0.75,0.76,0.85,0.87,0.74,0.90,0.89,1.22,1.26,1.59,3.07,3.86,3.32,2.37,3.60,5.87
Malawi,1.39,1.33,1.54,1.25,0.66,0.58,0.76,0.70,0.70,0.69,0.75,0.86,0.54,0.74,0.76,0.84,0.77,0.83,0.64,0.88,1.08,1.11,1.15,1.16,1.05,1.03,1.01,0.98,0.96
Malaysia,11.66,10.03,8.12,6.29,5.25,6.10,6.34,6.64,6.34,7.30,10.23,9.31,8.67,9.76,11.72,13.42,13.83,13.40,15.76,11.52,11.03,10.62,10.53,10.27,9.96,8.87,8.43,8.97,9.39
Mali,0.10,0.14,0.17,0.17,0.21,0.19,0.21,0.49,0.58,0.63,0.54,0.52,0.58,0.67,0.67,1.10,0.95,1.15,1.14,0.55,0.75,0.54,0.62,0.58,0.56,0.55,0.55,0.53,0.50
Mauritania,10.76,10.47,8.08,9.45,9.97,10.17,9.48,9.67,11.40,10.11,10.52,10.31,8.31,8.13,8.52,15.08,30.56,23.86,28.84,20.89,30.43,31.31,24.34,24.77,14.62,6.99,11.51,10.91,9.34
Mauritius,0.11,0.12,0.16,0.16,0.16,0.16,0.20,0.19,0.18,0.17,0.15,0.13,0.08,0.06,0.06,0.05,0.42,0.39,0.41,0.40,0.43,0.36,0.32,0.30,0.29,0.25,0.24,0.24,0.25
Mexico,10.32,8.30,7.83,6.34,5.77,6.50,6.17,6.42,5.72,6.51,6.69,6.76,6.97,5.48,6.82,7.74,7.94,8.29,8.81,6.78,7.50,9.04,8.43,7.37,6.95,4.19,3.88,4.36,4.14
Mongolia,12.58,10.42,11.71,12.00,12.89,10.36,9.97,13.67,8.05,8.35,11.33,8.91,9.65,11.46,17.28,21.95,29.71,28.27,21.04,20.19,24.00,22.02,18.49,16.77,18.17,18.60,21.94,25.78,26.51
Montenegro,2.52,2.53,2.53,2.52,2.54,2.52,2.50,2.59,2.46,2.45,2.86,2.08,2.43,2.19,1.80,1.70,1.62,1.49,1.52,0.80,1.44,1.31,1.30,1.30,1.42,1.37,1.29,1.69,1.32
Montserrat,0.75,1.44,1.22,1.10,0.97,0.74,0.87,1.01,0.06,0.08,0.08,0.08,0.05,0.05,0.08,0.67,0.65,1.28,1.10,0.41,0.22,0.76,0.51,0.73,1.25,1.77,1.58,1.99,2.10
Morocco,2.53,2.21,2.10,1.99,1.85,1.78,1.76,2.26,2.15,2.18,2.11,2.06,1.87,1.59,1.55,1.65,1.77,2.09,5.13,1.97,3.22,4.19,4.27,3.67,2.73,2.60,2.31,2.60,2.62
Mozambique,0.17,0.16,0.14,0.16,0.17,0.26,0.24,0.30,0.29,0.13,0.30,0.26,0.58,0.57,0.88,0.96,1.27,1.35,1.28,1.33,1.48,2.03,3.15,3.66,4.93,5.69,8.77,12.65,12.32
Myanmar,0.68,0.62,0.52,0.47,0.51,0.52,0.61,0.64,0.49,0.49,0.59,0.42,0.45,0.45,0.63,0.73,0.72,0.88,0.87,0.98,0.92,5.85,6.17,5.98,7.35,6.12,4.39,4.78,5.61
Namibia,16.15,14.22,12.09,8.50,10.60,8.17,9.92,9.99,9.49,9.22,10.94,13.06,14.99,8.69,10.68,10.15,13.42,13.57,18.31,11.67,11.11,9.28,13.50,14.11,13.01,12.56,12.66,12.72,14.91
Nauru,16.44,11.56,19.61,23.89,19.97,17.49,20.47,21.67,24.37,39.14,30.54,15.23,10.30,4.99,0.91,0.46,1.42,6.77,13.00,14.60,12.86,18.79,12.54,8.92,6.71,9.40,8.34,8.15,8.63
Nepal,0.39,0.43,0.48,0.49,0.45,0.47,0.49,0.49,0.47,0.44,0.43,0.43,0.48,0.49,0.48,0.49,0.50,0.49,0.56,0.54,0.53,0.54,0.57,0.61,0.60,0.60,0.56,0.58,0.61
Netherlands,2.68,2.92,2.58,2.52,2.44,2.39,2.73,2.47,2.11,1.72,2.26,2.68,2.36,2.41,2.48,2.62,3.14,2.86,3.81,2.86,3.05,3.22,3.63,3.74,2.77,2.02,1.25,1.45,1.32
New Zealand,1.72,1.59,1.64,1.48,1.31,1.21,1.33,1.29,1.15,1.14,1.24,1.19,1.18,0.99,1.07,1.19,1.29,2.19,2.41,2.30,2.23,2.05,1.88,1.68,1.62,1.02,1.01,1.09,1.04
Nicaragua,0.44,0.44,0.51,0.53,0.47,0.51,0.60,0.53,0.66,0.50,0.60,0.86,0.85,0.91,1.02,0.90,1.01,1.03,1.27,1.23,2.25,3.38,3.75,3.54,2.88,2.60,2.99,2.54,2.66
Niger,7.04,6.51,5.40,4.67,6.76,4.53,4.61,4.69,3.56,2.65,3.32,2.90,2.53,2.50,2.68,2.63,2.75,5.74,7.75,8.26,9.31,9.58,13.87,13.85,11.61,10.63,8.77,9.00,6.86
Nigeria,13.01,13.14,16.70,11.62,7.59,14.60,16.70,14.28,9.11,11.07,18.23,11.97,9.24,11.91,13.80,14.43,13.56,12.82,13.43,10.10,15.48,17.62,15.88,12.96,10.91,6.48,5.39,9.22,10.70
Norway,13.49,13.37,13.12,13.16,13.18,13.30,17.00,17.25,11.76,15.05,24.82,22.81,19.93,19.85,22.17,25.58,27.09,24.46,27.96,21.70,22.49,25.62,25.37,24.02,21.90,18.19,14.64,16.84,21.15
Oman,49.28,43.43,42.43,38.69,38.05,39.73,43.78,41.60,32.20,40.49,49.59,43.61,42.29,41.49,42.56,48.31,46.50,43.72,50.40,39.27,45.57,50.00,49.50,46.52,31.95,26.21,29.08,35.28,30.19
Pakistan,2.88,2.87,2.68,2.50,2.48,2.17,2.35,2.07,2.20,2.15,2.44,2.92,3.04,3.27,4.32,3.22,3.30,3.40,3.13,3.29,3.34,2.80,3.32,3.24,3.08,2.71,2.38,2.15,2.19
Palau,2.45,2.63,3.36,3.89,3.06,1.78,0.92,0.64,0.72,0.92,1.00,1.00,0.97,0.92,0.53,0.71,0.70,0.58,0.64,0.51,0.37,0.34,0.37,0.26,0.33,0.44,0.47,0.61,0.53
Panama,0.12,0.18,0.27,0.33,0.38,0.35,0.35,0.57,0.67,0.80,0.70,0.67,0.76,1.02,1.04,1.02,1.14,0.72,0.81,0.89,1.14,1.36,1.63,1.83,1.93,2.09,2.09,2.10,2.03
Papua New Guinea,11.93,13.74,19.84,21.07,16.11,16.55,15.69,11.46,12.93,18.30,23.54,21.11,18.46,20.48,22.06,24.73,27.06,26.44,26.06,19.74,21.05,19.12,14.62,14.10,21.55,16.73,17.44,18.57,17.58
Paraguay,0.41,0.42,0.43,0.42,0.40,0.36,0.35,0.34,0.30,0.29,0.30,0.29,0.21,0.23,0.26,0.28,0.30,0.27,0.31,0.32,0.33,0.36,0.35,0.34,0.36,0.36,0.37,0.37,0.37
Peru,7.19,5.30,5.81,6.09,6.22,6.10,6.10,6.11,5.73,6.79,7.13,6.89,7.47,8.16,10.39,12.15,15.70,15.65,13.71,11.40,13.41,15.91,13.30,11.44,9.59,8.19,8.93,10.24,9.59
Philippines,1.74,1.57,1.35,1.26,1.09,0.99,0.89,0.80,0.85,0.65,0.63,0.57,0.95,1.12,1.06,1.23,1.22,1.36,1.24,1.33,1.43,1.47,1.15,1.00,1.03,0.81,0.79,0.85,0.84
Poland,4.49,4.39,3.26,3.73,4.15,3.76,3.43,3.21,2.61,2.42,2.44,2.30,2.19,2.13,2.57,2.58,2.44,2.29,2.43,2.15,2.42,2.70,2.52,2.17,1.82,1.75,1.65,1.85,1.71
Portugal,0.97,0.73,0.59,0.50,0.58,0.70,0.59,0.63,0.61,0.58,0.56,0.55,0.46,0.42,0.46,0.48,0.56,0.53,0.39,0.42,0.45,0.42,0.43,0.38,0.35,0.32,0.33,0.36,0.35
Puerto Rico,0.09,0.09,0.09,0.08,0.08,0.08,0.08,0.08,0.07,0.07,0.08,0.07,0.07,0.07,0.07,0.07,0.07,0.07,0.06,0.05,0.03,0.03,0.03,0.04,0.02,0.03,0.02,0.02,0.03
Qatar,38.48,32.91,36.12,33.08,32.31,37.16,38.87,42.47,34.88,45.83,60.49,57.24,57.17,58.64,53.69,58.67,53.14,51.87,54.61,44.55,52.30,57.74,56.87,54.52,51.12,36.22,28.50,30.95,35.51
Republic of Korea,0.68,0.63,0.50,0.45,0.49,0.43,0.39,0.37,0.33,0.30,0.27,0.25,0.24,0.22,0.20,0.21,0.20,0.18,0.19,0.18,0.16,0.15,0.15,0.15,0.15,0.14,0.15,0.14,0.13
Republic of Moldova,0.07,0.08,0.09,0.04,0.16,0.09,0.11,0.14,0.13,0.12,0.11,0.13,0.15,0.18,0.23,0.27,0.35,0.34,0.35,0.28,0.26,0.31,0.30,0.34,0.33,0.29,0.27,0.25,0.31
Republic of North Macedonia,1.77,1.27,1.57,1.04,0.83,1.04,1.02,1.16,0.91,0.88,0.92,0.64,0.46,0.45,0.43,0.56,0.66,0.97,0.90,1.09,1.64,1.52,1.64,1.57,1.45,1.46,1.18,1.80,1.40
Romania,3.56,3.31,3.22,3.41,3.46,2.76,2.52,2.79,2.16,2.28,2.27,2.02,2.01,1.58,1.49,1.51,1.59,1.42,1.08,1.42,1.64,0.68,1.53,1.18,0.88,1.02,0.74,0.72,0.77
Russian Federation,11.16,11.17,9.71,9.79,9.35,8.29,8.88,8.82,9.03,9.16,9.22,8.82,6.64,6.60,9.47,11.11,10.88,10.03,9.30,8.49,9.56,9.50,9.44,9.27,8.98,9.16,9.19,9.55,10.46
Rwanda,0.18,0.19,0.16,0.08,0.02,0.08,0.09,0.11,0.17,0.16,0.14,0.79,0.25,0.30,0.68,0.71,1.44,2.18,2.06,1.15,1.43,2.81,2.30,2.68,2.89,2.38,2.21,2.53,2.68
Saint Kitts and Nevis,0.30,0.26,0.24,0.24,0.21,0.23,0.23,0.22,0.23,0.24,0.27,0.25,0.29,0.21,0.21,0.20,0.19,0.16,0.11,0.16,0.12,0.10,0.10,0.17,0.16,0.16,0.16,0.13,0.17
Saint Lucia,0.33,0.37,0.44,0.41,0.28,0.40,0.37,0.36,0.35,0.32,0.42,0.34,0.34,0.32,0.28,0.26,0.26,0.25,0.24,0.23,0.21,0.20,0.21,0.42,1.02,0.93,0.83,0.70,0.38
Saint Vincent and the Grenadines,0.14,0.14,0.25,0.24,0.24,0.22,0.21,0.20,0.19,0.18,0.17,0.17,0.16,0.16,0.22,0.28,0.29,0.31,0.32,0.34,0.26,0.19,0.15,0.14,0.20,0.22,0.22,0.22,0.22
Sao Tome and Principe,0.42,0.42,0.46,0.46,0.47,0.46,0.44,0.39,0.39,0.39,0.43,0.45,0.40,0.46,0.50,0.46,0.49,0.54,0.41,0.41,0.38,0.36,0.33,0.31,0.29,0.29,0.28,0.31,0.30
Saudi Arabia,31.77,31.94,34.46,30.05,29.34,30.73,33.99,32.61,23.89,28.82,36.73,33.02,32.98,36.02,39.38,46.22,47.24,46.94,52.64,37.68,41.36,48.24,47.53,44.03,39.87,24.51,22.10,25.40,30.06
Senegal,0.68,0.70,0.78,0.59,0.92,1.11,1.11,1.06,1.05,1.37,1.18,1.16,1.25,1.24,1.12,1.02,1.14,1.03,0.89,1.77,1.95,2.21,2.81,2.14,2.19,3.00,2.58,3.04,3.17
Serbia,1.70,1.72,1.72,1.66,1.79,1.73,1.46,2.18,2.45,1.78,1.18,0.99,1.54,1.63,1.60,1.57,1.64,1.40,1.40,1.33,1.56,1.81,1.93,1.80,1.33,1.15,2.35,2.56,2.40
Sierra Leone,2.59,2.59,2.59,2.58,2.61,2.58,2.56,2.69,2.47,2.52,3.09,1.81,2.65,4.83,6.75,6.48,5.62,5.25,3.69,3.00,4.17,4.23,11.36,18.83,13.41,1.50,3.71,2.06,2.34
Slovakia,1.91,1.90,1.09,1.10,1.08,0.99,0.89,0.89,0.87,0.97,0.77,0.72,0.63,0.65,0.54,0.58,0.42,0.58,0.61,0.63,0.52,0.53,0.50,0.51,0.47,0.49,0.44,0.42,0.41
Slovenia,1.06,1.37,1.83,1.10,1.39,0.97,0.86,0.84,0.81,0.73,0.63,0.55,0.48,0.50,0.53,0.52,0.50,0.47,0.44,0.45,0.44,0.45,0.45,0.40,0.39,0.37,0.37,0.37,0.36
Solomon Islands,0.54,0.36,0.21,0.15,0.03,0.44,0.53,0.42,0.35,0.37,0.27,0.28,0.30,0.21,0.25,0.18,0.23,0.12,0.17,0.45,0.64,4.05,2.46,2.39,0.71,0.20,0.17,0.36,0.24
Somalia,0.35,0.39,0.43,0.46,0.49,0.52,0.52,0.52,0.52,0.52,0.52,0.52,0.52,0.52,0.52,0.52,0.52,0.52,0.52,0.52,0.52,0.52,0.52,0.52,0.52,0.52,0.52,0.52,0.52
South Africa,8.98,8.25,7.56,7.51,7.12,6.79,6.68,6.30,6.62,6.87,7.35,8.09,8.47,7.21,6.95,7.31,8.09,8.37,9.25,8.82,9.23,9.60,9.12,9.06,8.42,7.77,8.16,8.23,8.09
South Sudan,...,...,...,...,...,...,...,...,...,...,...,...,...,...,...,...,...,...,55.24,43.24,45.11,53.06,49.75,46.02,43.91,33.43,34.11,38.95,46.47
Spain,0.56,0.54,0.53,0.50,0.47,0.56,0.48,0.38,0.34,0.32,0.30,0.35,0.36,0.37,0.37,0.34,0.34,0.35,0.32,0.26,0.27,0.26,0.24,0.20,0.17,0.15,0.15,0.19,0.26
Sri Lanka,2.86,2.17,2.07,2.19,2.36,2.37,2.31,2.11,1.74,1.87,2.22,2.08,1.67,1.91,2.00,2.02,2.16,2.15,2.25,2.24,2.17,2.32,2.62,2.74,2.63,2.45,2.85,2.88,2.70
State of Palestine,0.68,0.67,0.67,0.68,0.69,0.67,0.65,0.67,0.71,0.81,0.88,0.60,0.58,0.46,0.48,0.44,0.40,0.28,0.64,0.71,0.40,0.71,0.31,0.56,0.33,0.41,0.34,0.33,0.46
Sudan,...,...,...,...,...,...,...,...,...,...,...,...,...,...,...,...,...,...,5.07,3.72,-0.28,8.98,3.58,4.85,3.47,2.13,2.55,2.44,2.28
Suriname,2.73,1.40,0.95,1.00,7.18,5.79,5.49,5.66,3.89,5.97,3.32,4.04,5.84,5.47,7.05,7.73,8.21,7.87,8.01,7.77,7.77,7.39,7.67,6.15,4.88,3.42,5.86,8.19,7.87
Sweden,0.35,0.28,0.28,0.27,0.27,0.30,0.23,0.28,0.27,0.22,0.21,0.20,0.20,0.22,0.29,0.43,0.56,0.55,0.66,0.38,0.83,0.86,0.72,0.55,0.48,0.41,0.42,0.62,0.61
Switzerland,0.19,0.19,0.16,0.16,0.15,0.18,0.16,0.18,0.18,0.17,0.16,0.16,0.16,0.15,0.15,0.15,0.14,0.13,0.13,0.14,0.14,0.14,0.13,0.13,0.12,0.13,0.11,0.11,0.11
Syrian Arab Republic,14.96,10.36,9.06,8.04,6.55,6.66,13.04,16.71,13.53,19.87,27.49,19.99,18.83,19.01,21.38,24.54,25.24,24.44,26.32,18.91,21.68,22.31,20.97,21.65,21.64,21.42,21.57,21.54,21.51
Thailand,1.69,1.70,1.62,1.48,1.46,1.37,1.54,1.87,1.90,1.89,2.34,2.39,2.38,2.46,2.52,2.92,3.15,3.15,3.41,3.38,3.40,3.54,3.91,3.84,3.75,3.14,2.74,2.51,2.62
Timor-Leste,30.58,30.57,30.60,30.56,30.56,30.68,30.63,30.73,28.54,28.79,18.85,9.68,9.13,10.66,59.52,74.85,82.87,81.31,84.73,76.42,77.10,81.29,81.46,74.72,63.90,48.33,32.81,35.68,38.91
Togo,7.03,7.75,6.74,6.53,6.73,6.94,6.66,6.35,6.04,5.29,4.13,2.61,2.52,2.02,1.96,1.53,1.44,1.00,2.63,2.75,2.47,2.44,3.54,3.18,2.78,3.10,2.37,2.08,2.51
Tonga,0.46,0.33,0.34,0.33,0.38,0.58,0.58,0.35,0.35,0.35,0.36,0.36,0.40,0.26,0.31,0.31,0.29,0.31,0.37,0.39,0.90,0.88,1.19,0.91,1.03,1.00,0.64,0.69,0.84
Trinidad and Tobago,18.50,14.99,12.94,12.14,13.23,13.43,13.39,12.67,9.32,11.74,15.99,14.66,13.72,19.81,20.54,23.68,27.46,24.91,29.57,22.99,20.58,21.97,22.07,23.43,21.71,14.16,10.01,12.45,14.19
Tunisia,5.11,4.70,4.27,2.98,3.08,2.82,3.00,3.95,3.14,3.82,5.21,4.34,4.26,3.87,4.22,5.39,5.70,6.94,8.41,6.03,7.32,7.67,7.86,7.19,5.88,4.22,3.51,3.43,3.72
Turkey,1.54,1.47,1.31,1.06,1.33,1.21,1.17,1.10,1.01,0.91,0.99,0.97,0.93,0.99,1.02,1.11,1.09,1.11,1.22,1.25,1.23,1.28,1.24,1.22,1.07,0.93,0.93,1.01,1.12
Turks and Caicos Islands,0.62,0.60,0.61,0.64,0.62,0.62,0.50,0.68,0.77,0.53,0.61,0.59,0.56,0.66,0.82,0.96,1.20,1.18,1.14,0.76,0.48,0.33,0.32,0.34,0.35,0.33,0.33,0.35,0.40
Tuvalu,0.18,0.18,0.26,0.20,0.18,0.17,0.14,0.16,0.17,0.09,0.15,0.14,0.12,0.12,0.12,0.13,0.13,0.13,0.12,0.12,0.12,0.11,0.11,0.11,0.10,0.08,0.07,0.07,0.09
Uganda,0.40,0.56,0.56,0.63,0.46,0.55,0.82,1.15,1.15,1.19,1.30,1.33,1.43,1.22,1.27,1.26,1.24,1.32,1.33,1.35,1.01,0.85,1.02,0.87,0.77,0.71,0.78,0.62,0.39
Ukraine,...,...,...,...,...,...,...,...,...,...,4.91,4.51,4.75,4.30,3.81,4.39,4.39,4.69,6.18,4.79,6.65,7.56,6.73,6.33,5.72,5.63,6.51,7.03,7.07
United Arab Emirates,39.41,36.47,34.41,29.60,26.15,25.44,27.01,24.67,17.17,20.54,29.02,25.26,23.46,25.33,29.26,34.16,37.31,33.61,36.49,26.61,31.11,38.94,39.06,36.91,34.12,21.82,19.31,20.99,25.87
United Kingdom of Great Britain and Northern Ireland,2.49,2.40,2.25,2.15,2.22,2.32,2.64,2.19,1.82,1.82,2.53,2.27,2.00,1.92,1.95,2.20,2.40,2.23,2.72,2.05,2.32,2.32,2.00,1.82,1.48,1.14,0.94,1.09,1.09
United Republic of Tanzania: Mainland,0.79,1.20,1.60,1.23,1.36,1.42,1.27,1.45,1.68,1.59,1.71,2.07,2.49,2.82,3.05,3.46,4.35,3.82,3.31,3.12,4.43,5.51,5.32,4.63,4.07,4.69,5.33,4.78,5.51
United Republic of Tanzania: Zanzibar,1.07,1.63,1.68,1.22,1.21,1.22,1.17,1.12,1.04,0.89,0.81,0.81,0.93,1.22,1.15,1.25,1.18,1.26,1.29,1.21,1.04,0.98,1.11,1.08,1.01,1.09,1.16,1.24,1.27
United States,1.50,1.25,1.08,1.04,1.00,1.00,1.12,1.11,0.90,0.88,1.08,1.17,1.03,1.21,1.36,1.73,1.98,2.17,2.67,1.91,2.04,2.29,2.22,2.30,2.38,1.43,1.15,1.47,1.68
Uruguay,0.17,0.19,0.20,0.21,0.18,0.23,0.23,0.27,0.24,0.23,0.22,0.20,0.22,0.18,0.21,0.28,0.32,0.30,0.33,0.52,0.55,0.49,0.49,0.54,0.51,0.47,0.49,0.46,0.46
Uzbekistan,6.25,6.76,7.25,6.64,3.39,4.01,4.55,3.63,3.03,2.82,2.66,2.64,2.71,3.03,3.44,4.04,4.18,4.14,4.67,4.76,5.11,4.12,4.71,4.25,3.37,3.35,2.68,3.84,5.84
Vanuatu,...,...,...,...,...,...,...,...,...,...,...,...,...,...,...,...,0.02,0.26,0.04,0.04,0.03,0.02,0.04,0.03,0.03,0.02,0.03,0.03,0.03
Venezuela (Bolivarian Republic of),21.84,17.23,15.00,14.72,16.05,14.89,22.21,17.04,10.00,14.35,18.81,14.69,19.47,24.14,28.33,32.42,31.30,27.58,28.27,16.38,28.40,29.71,25.17,25.25,17.05,4.98,15.90,12.71,11.24
Viet Nam,4.70,5.03,4.40,4.66,4.62,4.33,5.09,5.73,6.09,7.68,8.82,8.40,7.85,8.53,9.26,9.73,9.39,8.96,9.07,9.14,10.84,11.14,12.68,12.24,12.03,10.68,9.02,8.30,8.19
Yemen,12.12,8.78,6.41,5.00,5.32,12.07,23.80,25.57,14.74,25.11,32.27,27.92,26.80,26.96,28.24,32.84,31.64,29.67,32.21,19.99,23.90,27.45,22.62,23.41,23.32,4.45,4.08,3.25,3.93
Zambia,15.31,10.23,8.52,10.07,22.93,20.13,17.69,15.31,10.23,6.49,7.40,7.52,7.12,5.97,7.21,7.98,11.00,12.47,11.33,8.99,13.53,16.26,15.36,18.07,15.70,13.36,13.84,16.95,16.22
Zimbabwe,3.69,3.80,4.09,3.49,4.20,1.70,1.38,1.21,1.51,1.40,1.16,0.83,0.87,2.04,8.95,28.21,19.88,19.42,5.52,6.66,7.56,8.08,7.03,6.96,6.59,6.11,6.56,6.36,6.17
