CountryID,Country,1990,1991,1992,1993,1994,1995,1996,1997,1998,1999,2000,2001,2002,2003,2004,2005,2006,2007,2008,2009,2010,2011,2012,2013,2014,2015,2016,2017,Footnotes 1990,Footnotes 1991,Footnotes 1992,Footnotes 1993,Footnotes 1994,Footnotes 1995,Footnotes 1996,Footnotes 1997,Footnotes 1998,Footnotes 1999,Footnotes 2000,Footnotes 2001,Footnotes 2002,Footnotes 2003,Footnotes 2004,Footnotes 2005,Footnotes 2006,Footnotes 2007,Footnotes 2008,Footnotes 2009,Footnotes 2010,Footnotes 2011,Footnotes 2012,Footnotes 2013,Footnotes 2014,Footnotes 2015,Footnotes 2016,Footnotes 2017
8,Albania,...,...,...,...,...,...,...,...,...,...,...,...,...,...,...,...,...,...,...,...,...,...,...,...,873,920,...,...,,,,,,,,,,,,,,,,,,,,,,,,,,,,
12,Algeria,...,...,...,...,...,...,...,...,...,3275,4266,4266,4266,4318,4518,4718,4770,5070,5768,6013,6187,6227,6422,...,3038,3548,...,...,,,,,,,,,,,,,,,,,,,,,,,,,,,,
20,Andorra,...,...,...,...,...,...,...,...,...,...,...,...,...,...,...,...,...,7.552783012,7.172842979,6.806888103,6.590263844,6.502994061,6.395152092,5.615816116,5.967377186,6.010172844,...,...,,,,,,,,,,,,,,,,,,,,,,,,,,,,
28,Antigua and Barbuda,2.029999971,...,...,...,...,2.299999952,...,...,...,...,4.570000172,3.029999971,3.309999943,2.980000019,3.650000095,4.039999962,3.5,4.650000095,5.070000172,5.03000021,4.869999886,5.179999828,5.349999905,4.260000229,3.450000048,3.640000105,...,...,,,,,,,,,,,,,,,,,,,,,,,,,,,,
51,Armenia,868.2000122,...,...,...,...,436.5,407.6000061,338.7000122,251.6000061,215.6000061,204.8000031,196.3999939,182.3000031,163.8999939,124.9000015,116.3000031,134.3000031,93.69999695,99.5,93.40000153,93.30000305,96.80000305,104.4000015,108.8000031,112.3000031,117.6999969,119.6999969,121.1999969,,,,,,,,,,,,,,,,,,,,,,,,,,,,
36,Australia,...,...,...,...,...,...,...,...,...,...,...,12388.7998,...,...,...,10331.40039,...,...,...,3453,3196,2952,4686,5390,5308,5124,3390,3450,,,,,,,,,,,,,,,,,,,,,,,,,,,,
40,Austria,603.7000122,604.4000244,632.7999878,625.7999878,618.7999878,611.0999756,609.5,604.2999878,581.4000244,549.2999878,...,...,...,...,...,...,...,...,...,...,587,...,...,...,...,...,...,...,,,,,,,,,,,,,,,,,,,,,,,,,,,,
31,Azerbaijan,...,...,...,...,...,...,...,...,...,...,...,...,...,422.2999878,504.7000122,497.6000061,493.1000061,363.7000122,362.7000122,362.7000122,362.7000122,274.8999939,249.6999969,271.2000122,284.7999878,288.8999939,281.2000122,255.6000061,,,,,,,,,,,,,,1,1,1,1,1,1,1,1,1,1,1,1,1,1,1
48,Bahrain,105,...,...,...,...,...,...,...,...,...,...,...,...,...,157.1000061,162.3999939,169.6000061,171.8000031,199.6000061,219.8999939,235.1000061,242.8999939,244.3999939,252,263.5,260.5,...,...,,,,,,,,,,,,,,,,,,,,,,,,,,,,
50,Bangladesh,...,...,...,...,...,...,...,...,...,...,...,...,...,...,...,...,...,...,...,20.68000031,22.07999992,23.96999931,80.16000366,83.94000244,84.41999817,776.3200073,...,...,,,,,,,,,,,,,,,,,,,,2,2,2,3,3,3,4,,
112,Belarus,...,...,...,...,...,...,...,...,...,...,...,...,...,...,841,839,803,777,700,680,615,602,652,595,627,611,...,...,,,,,,,,,,,,,,,,,,,,,,,,,,,,
56,Belgium,...,...,...,...,602.4000244,663.5,416.7999878,415.2999878,414.7999878,409.6000061,722.2000122,728.0999756,715.4000244,738.2999878,722.0999756,360,363,363,351,342,587.2000122,579.7299805,571.6199951,567.9000244,579.3499756,...,...,...,,,,,,,,,,,,,,,5,,,,,,,,,,,,,
84,Belize,...,...,...,...,...,3.518059254,...,...,...,4.46999979,4.920897007,5.060207844,5.056996346,5.658564568,6.35333252,6.372941017,6.414999962,6.715000153,6.869732857,7.083522797,7.360188961,7.494476795,7.646801949,...,...,...,...,...,,,,,,,,,,,,,,,,,,,,,,,,,,,,
204,Benin,...,...,...,...,...,...,...,...,...,...,...,...,...,...,24,25,25,26,27,28,...,...,...,...,...,...,...,...,,,,,,,,,,,,,,,,,,,,,,,,,,,,
60,Bermuda,...,...,...,...,...,...,...,...,...,...,...,...,...,...,...,3.400000095,3.450000048,3.349999905,2.900000095,3.299999952,2.380000114,3.480000019,3.309999943,2.789999962,2.519999981,2.690000057,2.660000086,2.630000114,,,,,,,,,,,,,,,,,,,,,,,,,,,,
68,Bolivia (Plurinational State of),63.17974472,...,...,...,...,78.92198944,87.43237305,92.16334534,99.89286041,101.4444351,104.9373474,104.579361,107.9630203,112.0631866,115.4654617,120.1135483,124.2223129,129.0085907,133.0616455,138.3883362,159.5605316,184.7628021,187.2491302,201.2688904,211.0948944,220.9508057,224.6799622,...,6,,,,,7,8,8,9,9,9,9,9,9,9,10,10,10,10,11,12,13,13,13,13,14,14,
70,Bosnia and Herzegovina,...,...,...,...,...,...,...,...,...,...,164.6234741,162.5267029,155.4223328,153.6954346,151.7782745,151.057312,141.8353882,150.1207886,146.7675476,188.7089996,187.5469971,156.4369965,156.5769958,155.7859955,153.7319946,158.3029938,...,...,,,,,,,,,,,,,,,,,,,,,,,,,,,,
72,Botswana,...,...,...,...,...,...,...,...,...,...,...,...,...,...,...,...,...,60.57598877,61.81318283,65.1848526,...,65.69999695,60.90000153,77.59999847,66.5,66.59999847,72.09999847,...,,,,,,,,,,,,,,,,,,,,,,,,,,,,
76,Brazil,...,...,...,...,...,...,...,...,...,...,6774,6778,6951.799805,7135.100098,7126.5,7505.100098,7786.600098,8143.600098,8364.299805,8419.200195,9111.099609,9355.700195,9601,9382,10132.06738,9723.551758,9890.359375,...,,,,,,,,,,,,,,,,,,,,,,,,,,,,
100,Bulgaria,1198.900024,1031.5,926.7000122,782.5,701,591.5,587.9000244,489,515.7000122,484.2999878,468,424.1000061,392.7000122,397.7999878,388.8999939,384.7000122,399.2000122,401.7000122,397.8999939,385.2000122,371.4100037,370.2600098,375.4500122,387.8200073,366.4500122,380.8599854,...,...,,,,,,,,,,,,,,,,,,,,,,,,,,,,
108,Burundi,...,...,...,...,...,...,...,...,...,...,...,...,...,...,...,...,...,21.30947113,21.81116295,22.268507,22.36557388,24.6539135,27.08336067,27.09512329,28.58416367,31.47306633,25.17000008,26.53000069,,,,,,,,,,,,,,,,,,,,,,,,,,,,
120,Cameroon,...,...,...,...,...,...,...,...,...,...,...,...,...,...,...,81.30000305,...,...,46.56169891,85.43759918,...,...,...,...,...,...,...,...,,,,,,,,,,,,,,,,,,,,,,,,,,,,
124,Canada,...,...,...,...,...,5201,...,...,...,...,...,...,...,...,...,...,...,...,...,5317,...,5124,...,5033,...,5021,...,...,,,,,,,,,,,,,,,,,,,,,,,,,,,,
136,Cayman Islands,...,...,...,...,...,...,...,...,...,...,...,...,...,...,2.620896816,2.917477131,3.223419666,3.349313498,3.410927296,3.650801897,3.526730299,3.6095016,3.618453979,3.630740643,3.630833149,3.868712187,...,...,,,,,,,,,,,,,,,,,,,,,,,,,,,,
152,Chile,...,...,...,...,...,851,...,...,...,...,919.2000122,915.4000244,919.0999756,920,932.1199951,934.6900024,972.4899902,971.2199707,979.9505005,987.9299927,1009.655884,1064.390015,...,...,...,...,...,...,,,,,,,,,,,,,,,,,,,,,,,,,,,,
344,"China, Hong Kong Special Administrative Region",873,...,...,...,...,919,928,913,916,911,924,940,949,974,955,968,963,951,956,952,936,923,935,933,959,973,...,...,,,,,,,,,,,,,,,,,,,,,,,,,,,,
446,"China, Macao Special Administrative Region",34.59999847,...,...,...,...,46.18999863,46.45000076,46.63000107,48.09000015,47.99000168,48.84999847,48.36999893,49.08000183,51.63000107,53.38999939,55.86000061,60.36000061,65.83000183,67.45999908,68.12000275,67.15000153,70.55000305,75.27999878,78.44999695,83.48999786,84.94000244,...,...,,,,,,,,,,,,,,,,,,,,,,,,,,,,
170,Colombia,...,...,...,...,...,...,...,...,...,...,...,...,...,...,...,...,...,...,...,...,...,...,...,...,3138.511719,3200.467285,3128.585205,...,,,,,,,,,,,,,,,,,,,,,,,,,,,,
188,Costa Rica,...,...,...,...,...,...,...,...,...,...,...,...,...,...,...,...,...,...,275.3124695,277.8114929,276.7119446,280.5525513,282.5433655,260.8681641,266.2124023,273.1662598,286.5297852,289.3631897,,,,,,,,,,,,,,,,,,,,,,,,,15,15,15,
191,Croatia,...,...,...,...,...,492,525,531,527,523,512,506,505,532,311.6000061,305.7999878,...,...,289,271.2999878,...,...,...,...,...,...,...,...,,,,,,,,,,,,,16,16,16,,,,17,17,,,,,,,,
192,Cuba,...,...,...,...,...,...,...,...,...,...,...,...,...,...,494,433,572,579,639,625,727,603,870,894,1001,955,948,910,,,,,,,,,,,,,,,,,,,,,,,,,,,,
196,Cyprus,...,...,...,...,...,...,...,...,...,...,...,101.8000031,119.5,129.5,140.3000031,73.30000305,73.69999695,73.90000153,62.5,70.30000305,82.09999847,80.59999847,78.90000153,77.5,79.70999908,81.90000153,...,...,,,,,,,,,,,,,,,,,,,,,,,,,,,,
203,Czechia,936.5,...,...,...,...,655.9000244,631.4000244,604,579.9000244,564.2000122,554.0999756,535.5999756,545.2999878,547.2000122,543.5,531.5999756,527.2999878,531.4000244,520.4000244,512,500,492.2000122,490.7999878,478.2999878,471.6000061,481.2999878,...,...,,,,,,,,,,,,,,,,,,,,,,,,,,,,
208,Denmark,571,551.2000122,539.5999756,512.5,493.2000122,470,509,464.7000122,440.1000061,422,419.8999939,410.7999878,379.7000122,370.5,371,420.5,404.1000061,409.7000122,406.7000122,385.6000061,...,...,...,...,...,...,...,...,,,,,,,,,,,,,,,,,,,,,,,,,,,,
818,Egypt,...,...,...,...,...,...,...,...,...,...,3500,...,...,3324,3524,3724,5954,5220,6900,6920,...,...,...,...,...,6129,...,...,,,,,,,,,,,,,,,,,,,,,,,,,,,,
233,Estonia,...,...,...,...,...,...,...,...,...,...,71.5,66.09999847,71.09999847,69.69999695,66.09999847,...,...,...,...,...,46.79999924,47.79999924,49.79999924,51.59999847,...,...,...,...,,,,,,,,,,,,,,,,,,,,,,,,,,,,
242,Fiji,...,...,...,...,...,...,...,...,...,...,...,...,...,...,...,...,...,...,...,...,...,...,...,69798.85156,63391.55859,72809.85156,70291.44531,75069.05469,,,,,,,,,,,,,,,,,,,,,,,,,,,,
246,Finland,424,414,420,419,419,412,419,416,404,404,...,...,...,...,...,...,...,...,...,...,...,...,...,...,...,...,...,...,,,,,,,,,,,,,,,,,,,,,,,,,,,,
250,France,...,...,...,...,...,...,...,...,5129.700195,...,...,5684.799805,...,...,...,...,...,...,4089,...,3971,3871,3855,3622,...,...,...,...,,,,,,,,,,,,,,,,,,,,,,,,,,,,
254,French Guiana,...,...,...,...,...,...,...,...,3.200000048,...,...,9.5,...,...,10.69999981,...,...,...,...,...,...,...,15.00539494,14.36972046,14.67796898,...,...,...,,,,,,,,,,,,,,,,,,,,,,,18,18,18,,,
268,Georgia,491,...,...,...,...,333,392.3999939,411.8999939,378,348.3999939,217.8000031,305.2999878,322,306,296,308,212,207,399,408,455,460,605,475,471,279,247,262,,,,,,,,,,,,,,,,,,,,,,,,,,,,
276,Germany,...,5748,...,...,...,5094,...,...,4859,...,...,4773.899902,...,...,4728.700195,...,...,...,...,...,4112.63623,...,...,4233.306152,...,...,...,...,,,,,,,,,,,,,,,,,,,,,,,,,,,,
300,Greece,...,...,...,...,...,...,...,...,...,...,556.0999756,537.2000122,540.7999878,607.7999878,622.5,643.2000122,643,625.5999756,...,...,...,1178.400024,1177.359985,1178.25,1181.219971,1182.140015,...,...,,,,,,,,,,,,,,,,,,,,,,,,,,,,
312,Guadeloupe,...,...,...,...,...,...,...,...,36.40999985,36.40999985,...,33,...,...,31,...,...,...,...,...,...,...,43.5897522,44.26873016,37.81716156,35.72986984,...,...,,,,,,,,,,,,,,,,,,,,,,,18,18,18,18,,
324,Guinea,...,...,...,...,...,...,...,...,...,...,...,...,...,...,...,25.29999924,27.05999947,29.70000076,65.16000366,68.09999847,...,...,...,...,...,...,...,...,,,,,,,,,,,,,,,,,,,,,,,,,,,,
328,Guyana,...,...,...,...,...,...,...,...,...,...,...,...,...,...,...,...,...,...,...,...,...,...,127,...,...,...,...,...,,,,,,,,,,,,,,,,,,,,,,,,,,,,
348,Hungary,911.0999756,...,926.0999756,810.5999756,665.4000244,661.5999756,581.5,560.4000244,549.7999878,536,560.0999756,535,546.2999878,560.5999756,532.7999878,512.9000244,...,...,492,482,455,454,452,436.0969849,427.5409851,443.3890076,...,...,,,,,,,,,,,,,,,,,,,,,,,,,,,,
352,Iceland,...,...,65,65,62,62,62,62,63,64,65,66,67,67,67,67,...,...,...,...,...,...,...,...,...,...,...,...,,,,,,,,,,,,,,,,,,,,,,,,,,,,
360,Indonesia,...,...,...,...,...,...,...,...,...,...,...,...,...,...,2144,2353.226074,3789.095947,2194.52002,2410.899902,2312.699951,2438.600098,2742.399902,2968.600098,...,...,...,...,...,,,,,,,,,,,,,,,19,19,19,19,19,19,19,19,19,,,,,
364,Iran (Islamic Republic of),...,...,...,...,...,...,...,...,...,...,...,...,...,...,3635,3811,3994,4161,4376,4609,4794,4701,4866,5149,5276,5406,5452,5610,,,,,,,,,,,,,,,,,,,,,,,,,,,,20
368,Iraq,...,...,...,...,...,499,494,491,616,598,556,636,767,826,1893,2007,1850,2369,2740,3377,3380,3594,4115,4396,4259,3745,...,...,,,,,,,,,,,,,,,,,,,,,,,,,,,,
372,Ireland,...,...,...,...,470,...,...,...,...,...,...,...,...,...,...,...,...,609,...,...,...,669,...,...,...,...,...,...,,,,,,,,,,,,,,,,,,,,,,,,,,,,
376,Israel,1804,...,...,...,...,1983,...,...,...,...,1924,1800,1809,1860,1954,1961,2152.776611,2279.629883,2204.629883,1811,1919,1831,1902,...,...,...,...,...,,,,,,,,,,,,,,,,,,,,,,,,,,,,
380,Italy,5796.700195,...,...,...,...,...,...,...,...,5652.600098,...,...,...,...,...,5369.200195,...,...,5533.399902,...,...,...,5232.200195,...,...,...,...,...,,,,,,,,,,,,,,,,,,,,,,,,,,,,
388,Jamaica,...,...,...,...,...,...,80,...,...,...,89,94,95,96,95,94,92.59999847,92,92.5,92.19999695,98.40000153,103.1999969,94.30000305,94.30000305,82.80000305,83.59999847,86.40000153,86.80000305,,,,,,,,,,,,,,,,,,,,,,,,,,,,
392,Japan,88906,...,...,...,...,88882,...,...,...,...,86972,85489,84648,83894,83538,83427,83106,82980,82400,81455,81467,80473,80500,...,...,...,...,...,,,,,,,,,,,,,,,,,,,,,,,,,,,,
400,Jordan,...,...,...,...,...,...,...,...,...,...,...,...,...,...,...,...,160.8956909,162.539978,172.5010986,180.9393005,193.9319458,194.6607056,196.934433,198.1199951,205.9199982,214.2799988,...,...,,,,,,,,,,,,,,,,,,,,,,,,,,,,
398,Kazakhstan,...,...,...,...,...,...,...,...,...,...,...,...,...,...,831,811,890,1007,1008,977,993,1020,1048,1094,1106,1086,1113,1124,,,,,,,,,,,,,,,,,,,,,,,,,,,,
414,Kuwait,181.8000031,...,...,...,...,235.1000061,...,...,...,...,386.651886,400.0253906,427.7723999,448.1867065,420.5100098,444.3800049,454.7099915,482.0599976,519.7399902,537.3300171,560.6400146,585.5200195,597.7700195,602.2199707,617.2700195,639.6400146,...,...,,,,,,,,,,,,,,,,,,,,,,,,,,,,
417,Kyrgyzstan,8993,...,...,...,...,6942,6871,6174,6420,5251,4976,5754,5416,4560,4542,4485,4533,5547,5315,4730,6209.200195,6756.899902,10610.74707,5072.57373,4767.995117,5224.465332,4669,5072,,,,,,,,,,,,,,,,,,,,,,,,,,,,
428,Latvia,...,...,...,...,...,...,...,...,385.2000122,352.2999878,294.7999878,302.3999939,308.3999939,321.7000122,288.5,266,241.6000061,248.5,...,...,75.09799957,127.3659973,82.33899689,78.93399811,74.35299683,73.79000092,...,...,,,,,,,,,,,,,,,,,,,,,,,,,,,,
422,Lebanon,...,...,...,...,...,...,...,...,...,...,...,...,...,...,...,...,...,...,326,...,...,...,...,...,...,...,...,...,,,,,,,,,,,,,,,,,,,21,,,,,,,,,
440,Lithuania,...,...,...,...,...,...,...,...,...,...,...,...,58.09999847,96.40000153,84.90000153,...,...,...,107.9000015,101.0999985,99.69999695,100.1650009,98.21399689,100.2300034,102.5469971,101.1610031,...,...,,,,,,,,,,,,,,,,,,,,,,,,,,,,
450,Madagascar,...,...,...,...,...,65.55000305,...,69.26689911,...,73,77.51000214,75.58999634,...,...,76.13999939,77.26000214,...,101,...,...,...,...,...,...,...,...,...,...,,,,,,,,,,,,,,,,,,,,,,,,,,,,
454,Malawi,14.31999969,...,...,...,...,18.20999908,17.84000015,17.69000053,17.60000038,17.42000008,16.32999992,17.57999992,17.57999992,18.80999947,15.73999977,27.22999954,24.52000046,24.87000084,23.54999924,24.52000046,24.75,25.11000061,25.87000084,26.20000076,24.68000031,24.30999947,25.94000053,...,,,,,,,,,,,,,,,,,,,,,,,,,,,,
458,Malaysia,...,...,...,...,...,...,...,...,...,...,...,...,...,...,...,...,...,2947.277344,3050.284912,3121.255371,3275,3345,3479,3596.993896,3714.251221,3812.477295,3929.842529,3936.85376,,,,,,,,,,,,,,,,,,,,,,,,,,,,
462,Maldives,...,...,...,...,...,...,...,...,...,0.806267977,0.991881013,1.135377049,1.269647002,1.34493196,1.658946037,1.881553054,2.09100008,2.493999958,2.930999994,3.329999924,3.766000032,4.242000103,4.789000034,4.608622074,5.039337158,5.887540817,...,...,,,,,,,,,,22,22,22,22,22,22,22,,,,,,,,,,,,
466,Mali,...,...,...,...,...,...,...,...,...,...,...,...,...,...,...,...,14365,...,...,...,1624,1981,2062,2137,2619,14211,15053,11402,,,,,,,,,,,,,,,,,,,,,,,,,,,,
470,Malta,...,...,...,...,...,51.70000076,48.29999924,43.70000076,39.79999924,37.29999924,35.20000076,33.59999847,34,34.20000076,32.79999924,23.89999962,24.89999962,25.20000076,25.5,25,24.73999977,25.31999969,26.47999954,26.52000046,26.79999924,27.69000053,...,...,,,,,,,,,,,,,,,,,,,,,,,,,,,,
474,Martinique,...,...,...,...,...,...,...,...,17.39999962,...,...,25.39999962,...,...,...,...,...,...,...,...,...,...,33.88289261,32.70018005,32.35709381,37.88985443,...,...,,,,,,,,,,,,,,,,,,,,,,,,,,,,
480,Mauritius,...,...,...,...,...,...,...,...,...,...,199,101.0999985,100.8000031,103.0800018,106,105.5999985,108.5999985,110.5999985,108.6999969,110.1999969,114.9000015,113.3000031,111.6999969,111.3000031,111.8000031,113,118.9000015,120.0999985,,,,,,,,,,,,,,,,,,,,,,,,,,,,
484,Mexico,...,...,...,...,...,8500,...,...,...,...,8291,9562,9635,10482,10670,10704,10741,11158,11198,11395,11443,12180,11981,11962,12052,12441,12577,12628,,,,,,,,,,,,23,,,,,,,,,,,,,,,,
492,Monaco,6.429999828,...,...,...,...,5.949999809,5.849999905,5.829999924,5.789999962,5.908864975,5.978662014,5.95870018,5.819134235,6.195999146,5.538135052,5.525537014,5.199999809,5.199999809,5.019999981,5.010000229,4.809999943,4.880000114,4.940000057,4.78000021,4.639999866,4.960000038,4.730999947,4.72495985,,,,,,,,,,,,,,,,,,,,,,,,,,,,
499,Montenegro,...,...,...,...,...,...,...,...,...,...,...,...,68.14099884,...,...,53.67100143,...,...,49.82899857,...,...,49.67699814,...,...,...,...,...,...,,,,,,,,,,,,,,,,,,,,,,,,,,,,
528,Netherlands,1223,1223,1288,1255,1280,1229,1248,1271,1253,1274,1128,1119,1111,1132,1098.900024,1086,1098,1088.099976,1093.099976,1092.800049,1089.599976,1080.300049,1070.400024,1076,1067.900024,...,...,...,,,,,16,16,16,16,16,16,16,16,16,16,16,16,16,16,,,,,,,,,,
562,Niger,21.44499969,...,...,...,...,24.14500046,25.34199905,27.04400063,26.125,26.35499954,28.63899994,27.36400032,29.34300041,29.99099922,32.50400162,33.79100037,35.86800003,39.14300156,40.2519989,44.22399902,47.09199905,49.72399902,52.19599915,...,...,...,...,...,,,,,,,,,,,,,,,,,,,,,,,,,,,,
566,Nigeria,...,...,...,...,...,...,...,...,...,...,...,...,...,...,...,...,...,...,...,...,3047,...,...,...,...,...,...,...,,,,,,,,,,,,,,,,,,,,,,,,,,,,
807,North Macedonia,...,...,...,...,...,...,...,...,...,...,679.2000122,655.4000244,616.5,817.3999634,1611.5,832.0999756,841.9000244,539.3999634,706.0999756,1040.199951,1227,754.7000122,1738.5,1646.900024,524.0999756,...,...,...,,,,,,,,,,,,,,,,,,,,,,,,,,,,
578,Norway,...,...,...,...,575,...,...,...,...,...,...,...,...,...,...,...,...,...,...,...,...,...,...,...,...,...,...,...,,,,,,,,,,,,,,,,,,,,,,,,,,,,
591,Panama,...,...,...,...,...,...,...,...,...,...,238.0385284,223.7881317,237.8073425,244.843811,259.4697266,268.0007629,290.8791199,307.5092163,319.5672607,329.3715515,343.2285767,341.876709,351.9341125,364.7086792,379.6147461,392.1154175,405.2894287,418.7879944,,,,,,,,,,,,,,,,,,,,,,,,,,,,
616,Poland,2399.800049,2240.800049,2196.800049,2100,2306,2167.399902,2064.399902,1988.900024,1894.199951,1850.199951,1753.800049,1671.300049,1626.599976,1657,1599.800049,1587.400024,1603.900024,1573.400024,1580.599976,1544.099976,1541.099976,1544.699951,1539.099976,1521.800049,1537,1595.099976,...,...,,,,,,,,,,,,,,,,,,,,,,,,,,,,
620,Portugal,...,...,...,...,...,...,...,...,8753.599609,...,...,...,...,...,...,548.9000244,576.9000244,660.5,670.5,718.2000122,...,...,...,...,...,...,...,...,,,,,,,,,,,,,,,,,,,,,,,,,,,,
634,Qatar,...,...,...,...,...,...,...,...,...,...,...,...,...,...,...,...,157.5971069,175.8615417,222.0945435,300.058136,339.2306519,368.2811279,407.8829041,435.8554382,463.946991,508.6820068,...,...,,,,,,,,,,,,,,,,,,,,,,,,,,,,
410,Republic of Korea,5903,...,...,...,...,7110,...,...,...,...,7449,...,...,...,...,7723,7623,7450,7526,7453,7538,7656,...,...,7600,7775,...,...,,,,,,,,,,,,,,,,,,,,,,,,,,,,
498,Republic of Moldova,...,...,...,...,...,...,...,...,...,...,...,...,...,71.19999695,67.40000153,70.30000305,70.90000153,87.90000153,86.80000305,83.09999847,81,79.80000305,80.90000153,74.90000153,74.30000305,79.5,90.5,96.80000305,,,,,,,,,,,,,,,,,,,,,,,,,,,,
642,Romania,3170,2851,2867,2730,2420,3080,2920,2950,2800,2770,2609,2462,2225,1989,1765,1686,...,...,...,...,...,...,868.7999878,975.4000244,859.0999756,774.2000122,...,...,,,,,,,,,,,,,,,,,,,,,,,,,,,,
643,Russian Federation,...,...,...,...,...,...,...,...,...,...,...,...,...,...,...,...,...,...,...,...,...,...,...,...,...,...,...,9080,,,,,,,,,,,,,,,,,,,,,,,,,,,,
646,Rwanda,...,...,...,...,...,...,...,...,...,...,...,...,...,...,...,...,...,...,13.80000019,14.60000038,18.60000038,18.5,19.60000038,...,...,...,...,...,,,,,,,,,,,,,,,,,,,,,,,,,,,,
638,Réunion,...,...,...,...,...,...,...,...,84,...,...,81,...,...,...,...,...,...,...,...,...,...,128.1913757,129.3034058,129.9992218,...,...,...,,,,,,,,,,,,,,,,,,,,,,,,,,,,
882,Samoa,...,...,...,...,...,...,...,...,...,...,...,...,...,...,...,...,...,...,...,...,...,...,15.92000008,14,15.52000046,...,...,...,,,,,,,,,,,,,,,,,,,,,,,,,,,,
682,Saudi Arabia,...,...,...,...,...,...,...,...,...,...,...,...,...,...,...,...,...,...,...,...,...,2120.125,2211.125,2389.625,2514.75,2647.75,2770,...,,,,,,,,,,,,,,,,,,,,,,,,,,,,
686,Senegal,...,...,...,...,...,...,...,...,...,...,...,...,...,...,...,...,...,...,108.8469772,110.4115829,115.6663055,118.5982513,122.8917313,123.8736267,131.602951,137.9356995,144.9483032,150.3221436,,,,,,,,,,,,,,,,,,,24,24,24,24,24,24,24,24,24,24
688,Serbia,...,...,...,...,...,...,...,...,...,...,493,487,494,499,508,514,495,491,474,466,451,457,452,452,413,423,...,...,,,,,,,,,,,,,,,,,,,,,,,,,,,,
702,Singapore,333.2999878,...,...,...,...,415.1000061,431.6000061,451.8999939,451.6000061,451.2999878,470.5,479.2000122,491,489.6000061,497.3999939,505.7999878,519.2000122,534,551.5999756,561.9000244,597.0999756,604.2999878,627.7000122,640.2999878,651,664.5,...,...,,,,,,,,,,,,,,,,,,,,,,,,,,,,
703,Slovakia,644,619,638,593,551,531,492,465,452,431,457,394.7000122,388,377.6000061,354.2000122,351.7000122,334.0799866,322.1499939,320.1400146,317.2600098,310.4500122,303.769989,305.5700073,293.9299927,285.5299988,288.1300049,...,...,,,,,,,,,,,,,,,,,,,,,,,,,,,,
705,Slovenia,166.1000061,162.1000061,146.3999939,146.6000061,148.3000031,142.8000031,109.1999969,108.8000031,110.5,113.1999969,108.1999969,106.5,126,127.6999969,121.8000031,119.3000031,...,...,122,118,...,...,115.5,108.1999969,110.0699997,112,...,...,,,,,,,,,,,,,,,,,,,,,,,,,,,,
710,South Africa,...,...,...,...,...,...,...,...,...,...,...,...,...,...,...,...,...,13330,13447,13730,13866,13973,14647,...,...,...,...,...,,,,,,,,,,,,,,,,,,,,,,,,,,,,
724,Spain,...,...,...,...,...,...,...,3536.5,3774.600098,3923.100098,3638.100098,3725.399902,3715.100098,3866.800049,3905.5,3913.699951,3836.600098,4106.899902,4009.899902,3909.199951,3751.100098,3789.816895,3823.9729,3694.193115,3669.266113,...,...,...,,,,,,,,,,,,,,,,,,,,,,,,,,,,
740,Suriname,...,...,...,...,...,...,...,...,...,...,...,...,27.25152397,30.03290939,31.54000092,30.78000069,31.28000069,31.89999962,31.08749962,32.90999985,33.61999893,38.68000031,40.40999985,43.45000076,45.47999954,45.72000122,46.22999954,45.95999908,,,,,,,,,,,,,25,25,25,25,25,25,25,25,25,25,25,25,25,25,25,25
752,Sweden,752,754,764,760,734,731,731,720,720,720,720,708,708,708,708,737,...,...,...,...,...,...,...,...,...,...,...,...,,,,,,,,,,,,,,,,,,,,,,,,,,,,
756,Switzerland,1162,1193,1192,1066,1092,1067.5,1051.900024,1055.5,1062.800049,1057.199951,1060,1036,1069,1085,1029,877,866,853,859,841,816,824,808,792,778,803,...,...,,,,,,,,,,,,,,,,,,,,,,,,,,,,
764,Thailand,...,...,...,...,...,...,...,...,1552.699951,1472,1519.400024,1603.199951,1680.5,1763.900024,1903.099976,2040.400024,2153.300049,2301.100098,...,...,...,...,...,...,4206.410156,...,...,...,,,,,,,,,,,,,,,,,,,,,,,,,,,,
788,Tunisia,568,...,...,...,...,628,...,...,...,801,945,752,993,978,916,1025,1080,1123,1041,1047,1135,1119,1202,1232,...,...,...,...,,,,,,,,,,,,,,,,,,,,,,,,,,,,
792,Turkey,...,...,...,...,...,...,...,...,...,...,...,...,...,...,...,...,...,...,...,...,3013.300049,...,3318,...,3681.820068,...,...,...,,,,,,,,,,,,,,,,,,,,,,,,,,,,
804,Ukraine,7472,...,...,...,...,7737,7145,6509,6144,5971,5505,4995,4655,4339,4026,3869,3708,3504,3338,3048,2958,2866,2806,...,...,...,...,...,,,,,,,,,,,,,,,,,,,,,,,,,,,,
784,United Arab Emirates,...,...,...,...,...,...,...,...,...,...,...,...,...,...,...,...,...,1365.018311,1469.080811,1554.295044,1556.023071,1581.403442,1680.797119,1714.10022,1786.398071,1847.151367,...,...,,,,,,,,,,,,,,,,,,,,,,,,,,,,
826,United Kingdom of Great Britain and Northern Ireland,7348,7342.700195,7165,7190.100098,7321.899902,7315.299805,7065.200195,6836.200195,6597.299805,5243.100098,4427.399902,4838.799805,4968.399902,4917.200195,5018.399902,4947.600098,4969.700195,4882.399902,...,...,...,3968,...,...,...,...,...,...,,,,,,,,,,,,,,,,,,,,,,,,,,,,
860,Uzbekistan,2065.870117,...,...,...,...,...,...,...,...,...,...,...,...,...,2040.300049,2050.044922,1933.453003,1930.099976,1756.352051,1624.909058,1558.671997,1570.023315,1567.949951,1628.592773,1636.240601,1639.061646,...,...,26,,,,,,,,,,,,,,26,26,26,26,26,26,26,26,26,26,26,26,,
862,Venezuela (Bolivarian Republic of),...,...,...,...,...,...,...,...,...,...,10195.64844,9095.073242,7735.867188,11742.3418,14309.48145,16788.17383,19723.09375,25319.09961,23642.84961,28267.80078,...,...,...,...,...,...,...,...,,,,,,,,,,,,,,,,,,,,,,,,,,,,
887,Yemen,...,...,...,...,...,...,...,...,...,66.30000305,69.80000305,72.69999695,76.19999695,77.30000305,79.69999695,84,89,93.40000153,98.30000305,101.3000031,101.5,97.09999847,96.80000305,99.30000305,...,...,...,...,,,,,,,,,,27,27,27,27,27,27,27,27,27,27,27,27,27,27,27,,,,
716,Zimbabwe,2582.395996,...,...,...,...,2109.540771,2972.066895,3268.307373,3035.158203,2643.95459,3491.889404,3161.517578,2691.193115,2873.84082,4410.180664,2670.745361,4199.711914,4224.63623,4090.735352,4626.739258,4683.018555,4709.580078,3822.310059,4122.40918,3849.361084,2888.911621,3484.239014,3820.330566,,,,,,,,,,,,,,,,,,,,,,,,,,,,
,,,,,,,,,,,,,,,,,,,,,,,,,,,,,,,,,,,,,,,,,,,,,,,,,,,,,,,,,
,,,,,,,,,,,,,,,,,,,,,,,,,,,,,,,,,,,,,,,,,,,,,,,,,,,,,,,,,
